filename,pred_class,prob_normal,prob_benign,prob_malignant
ALWI_000.png,benign,0.0067547937,0.9922184,0.0010267774
ALWI_001.png,normal,0.9982405,0.0015790239,0.0001804829
ALWI_002.png,benign,0.0025310118,0.99698466,0.00048428666
ALWI_003.png,benign,0.006775475,0.9929535,0.00027112395
ALWI_004.png,benign,0.010077134,0.98887444,0.001048461
ALWI_005.png,benign,0.012498957,0.9579573,0.029543737
ALWI_006.png,normal,0.99987876,3.4467335e-05,8.676299e-05
ALWI_007.png,benign,3.756639e-05,0.99957365,0.00038883215
ALWI_008.png,benign,0.00090147485,0.9990382,6.037288e-05
ALWI_009.png,benign,0.008010534,0.9907257,0.0012637703
ALWI_010.png,benign,0.019303761,0.98001605,0.00068022276
ALWI_011.png,benign,0.018607263,0.9687292,0.012663453
ALWI_012.png,normal,0.9990702,0.00044997918,0.00047979955
ALWI_013.png,normal,0.9966599,0.002441896,0.00089817593
ALWI_014.png,normal,0.9888756,0.009898318,0.0012260892
ALWI_015.png,benign,0.121186845,0.878712,0.000101163714
ALWI_016.png,benign,0.009944201,0.98673195,0.003323849
ALWI_017.png,benign,0.002778829,0.9968725,0.00034860693
ALWI_018.png,benign,0.0012104606,0.99714845,0.0016411311
ALWI_019.png,benign,0.0008061593,0.9988951,0.00029872332
ALWI_020.png,benign,6.708578e-05,0.9997726,0.00016026096
ALWI_021.png,benign,0.004742972,0.96459323,0.03066389
ALWI_022.png,benign,0.00041645084,0.9992391,0.0003444645
ALWI_023.png,benign,0.0025097763,0.9965475,0.00094273733
ALWI_024.png,normal,0.999469,0.0003773145,0.0001537312
ALWI_025.png,normal,0.9997565,0.00011973302,0.00012376725
ALWI_026.png,benign,0.11490877,0.88322383,0.0018673922
ALWI_027.png,benign,0.00073652616,0.9986858,0.0005775847
ALWI_028.png,normal,0.99311924,0.0051079625,0.0017727468
ANAT_000.png,normal,0.9991762,5.9180536e-07,0.00082319183
ANAT_001.png,normal,0.99964166,3.7885977e-06,0.0003544784
ANAT_002.png,normal,0.9993753,3.9998267e-06,0.00062069396
ANAT_003.png,normal,0.99993813,9.576877e-06,5.233445e-05
ANAT_004.png,normal,0.9986621,1.8352463e-06,0.0013360797
ANAT_005.png,normal,0.99961805,0.00035086862,3.1126663e-05
ANAT_006.png,normal,0.9999287,1.52183475e-05,5.6082994e-05
ANAT_007.png,normal,0.999998,9.502316e-07,1.0746647e-06
ANAT_008.png,normal,0.9998995,3.4224806e-05,6.627955e-05
ANAT_009.png,normal,0.99998367,4.8587385e-06,1.1452207e-05
ANAT_010.png,normal,0.9995427,0.00019457523,0.0002626822
ANAT_011.png,normal,0.9999559,2.2834261e-05,2.119026e-05
ANAT_012.png,normal,0.99995995,5.4397337e-06,3.4550834e-05
ANAT_013.png,normal,0.9991099,0.0008761461,1.3977279e-05
ANAT_014.png,normal,0.9985555,7.348189e-05,0.0013710896
ANAT_015.png,normal,0.9996766,0.00016102579,0.00016243118
ANAT_016.png,normal,0.9999087,3.746619e-05,5.3828993e-05
ANAT_017.png,normal,0.9999646,1.2615059e-06,3.4110835e-05
ANAT_018.png,normal,0.99999535,8.248934e-07,3.7608966e-06
ANAT_019.png,normal,0.9999901,3.7612856e-06,6.0754546e-06
ANAT_020.png,normal,0.9998883,1.1692301e-07,0.000111541645
ANFO_000.png,normal,0.99669266,2.2061206e-05,0.0032852814
ANFO_001.png,normal,0.99999607,7.193885e-09,3.959661e-06
ANFO_002.png,benign,0.013413024,0.98336583,0.0032211128
ANFO_003.png,benign,0.027589489,0.8567356,0.11567497
ANFO_004.png,benign,0.18422492,0.8147993,0.00097581913
ANFO_005.png,benign,0.012138395,0.98770756,0.00015414087
ANFO_006.png,benign,0.0062610107,0.9835338,0.010205235
ANFO_007.png,benign,0.045203786,0.95067275,0.004123471
ANFO_008.png,normal,0.99975985,1.0242509e-05,0.0002298863
ANFO_009.png,benign,0.16875778,0.6983751,0.13286717
ANFO_010.png,normal,0.99984956,3.247694e-06,0.00014714323
ANFO_011.png,normal,0.9999865,4.27593e-06,9.221733e-06
ANFO_012.png,normal,0.9999924,2.0843882e-07,7.4103455e-06
ANFO_013.png,normal,0.9950081,0.00024759807,0.004744313
ANFO_014.png,normal,0.9997167,2.987433e-06,0.00028027425
ANFO_015.png,normal,0.99965703,0.00011298509,0.0002299383
ANFO_016.png,normal,0.99989986,1.4051251e-05,8.609405e-05
ASSC_000.png,normal,0.9984816,0.0014610122,5.746694e-05
ASSC_001.png,benign,0.0018352877,0.99643695,0.0017276772
ASSC_002.png,benign,0.014681437,0.9850477,0.0002709474
ASSC_003.png,benign,0.0005649282,0.997017,0.0024180838
ASSC_004.png,normal,0.9999629,1.7065273e-05,2.008389e-05
ASSC_005.png,benign,0.17893818,0.8097155,0.011346322
ASSC_006.png,normal,0.75390446,0.23294736,0.013148283
ASSC_007.png,normal,0.99993753,2.2325742e-06,6.0164897e-05
ASSC_008.png,normal,0.99998176,1.7865752e-05,3.8178538e-07
ASSC_009.png,normal,0.99982953,1.0012735e-05,0.00016039517
ASSC_010.png,normal,0.999846,5.8634916e-05,9.5336654e-05
ASSC_011.png,normal,0.9999527,2.1649386e-05,2.5606902e-05
ASSC_012.png,normal,0.99963677,0.00022881279,0.00013436914
ASSC_013.png,normal,0.99713326,0.0004565476,0.0024101622
ASSC_014.png,benign,0.07315819,0.92491317,0.0019285936
ASSC_015.png,benign,0.026507817,0.9721886,0.0013036127
ASSC_016.png,benign,0.011612228,0.9871001,0.0012877166
ASSC_017.png,normal,0.9991806,0.00016475444,0.0006546062
ASSC_018.png,normal,0.9996562,9.7121636e-05,0.00024668145
ASSC_019.png,normal,0.99999595,1.1794848e-06,2.8453694e-06
ASSC_020.png,normal,0.99994326,3.523198e-08,5.668314e-05
ASSC_021.png,normal,1.0,3.1123886e-09,4.6141288e-08
ASSC_022.png,normal,0.99999905,1.4204753e-07,8.2582915e-07
ASSC_023.png,normal,0.99974793,3.8449557e-06,0.0002482005
ASSC_024.png,normal,0.99949145,8.5906366e-05,0.000422566
ASSC_025.png,normal,0.99999225,1.0173256e-06,6.652505e-06
ASSC_026.png,normal,0.9999918,2.801982e-06,5.37851e-06
ASSC_027.png,benign,0.0020223,0.997572,0.00040562093
ASSC_028.png,benign,0.01547216,0.927672,0.056855828
CAWI_000.png,normal,0.9860318,1.7777986e-05,0.013950536
CAWI_001.png,normal,0.99937975,0.00017354634,0.0004466358
CAWI_002.png,normal,0.9997296,4.9272553e-06,0.00026551084
CAWI_003.png,benign,0.002755736,0.99548966,0.0017545079
CAWI_004.png,benign,0.005658299,0.9940584,0.00028335102
CAWI_005.png,benign,0.41806045,0.5573257,0.02461382
CAWI_006.png,normal,0.99995613,1.5291274e-05,2.8641733e-05
CAWI_007.png,normal,0.9999143,7.5505625e-07,8.502711e-05
CAWI_008.png,normal,0.9999938,1.4373387e-06,4.8068864e-06
CAWI_009.png,normal,0.8534134,0.13921668,0.0073699835
CAWI_010.png,benign,0.00046757812,0.999099,0.00043344527
CAWI_011.png,benign,0.0038073,0.9461777,0.05001493
CAWI_012.png,malignant,0.007203259,0.41818842,0.5746084
CAWI_013.png,benign,0.33925065,0.49222335,0.16852607
CAWI_014.png,normal,0.99954575,0.0002912498,0.00016303158
CAWI_015.png,normal,0.9991875,0.0006163411,0.00019612756
CAWI_016.png,benign,0.001836321,0.9689989,0.02916483
CAWI_017.png,normal,0.9998254,9.576889e-07,0.00017362558
CAWI_018.png,normal,0.9981846,5.3574586e-05,0.0017617668
CAWI_019.png,normal,0.99992037,4.3132084e-07,7.91938e-05
CAWI_020.png,normal,0.9982235,1.449336e-06,0.0017750704
CAWI_021.png,normal,0.99744785,2.309138e-06,0.00254989
CAWI_022.png,normal,0.9994073,6.448668e-06,0.0005862895
CAWI_023.png,benign,0.11212584,0.8816817,0.0061924555
CHCO_000.png,malignant,0.00090938905,0.00020068396,0.99889
CHCO_001.png,normal,0.9934482,0.0022667395,0.004285105
CHCO_002.png,normal,0.99967515,0.00028657165,3.8257065e-05
CHCO_003.png,normal,0.999926,4.180748e-05,3.2204163e-05
CHSP_000.png,normal,0.9998198,3.8158845e-09,0.00018022294
CHSP_001.png,normal,0.9999838,2.2625488e-06,1.3916213e-05
CHSP_002.png,normal,0.99940145,0.00011793425,0.0004805469
CHSP_003.png,normal,0.99996984,5.5646374e-06,2.4528435e-05
CHSP_004.png,normal,0.9995122,0.00026742413,0.00022048157
CHSP_005.png,normal,0.9980878,1.296916e-05,0.0018992207
CHSP_006.png,malignant,0.0012024816,2.9740677e-06,0.99879456
CHSP_007.png,malignant,7.715015e-06,1.2016736e-06,0.99999106
CHSP_008.png,malignant,0.009558951,0.00064472074,0.98979634
CHSP_009.png,normal,0.98177284,0.007391262,0.01083582
CHSP_010.png,malignant,0.0008845455,4.1550946e-05,0.99907386
CHSP_011.png,normal,0.99984646,0.00014014977,1.3296621e-05
CHSP_012.png,normal,0.9999713,8.675294e-06,2.0028168e-05
CHSP_013.png,normal,0.99993813,4.6036093e-05,1.5804018e-05
CHVI_000.png,malignant,2.6260848e-06,3.961086e-06,0.99999344
CHVI_001.png,malignant,0.014311833,0.022359725,0.9633284
CHVI_002.png,malignant,0.0004120161,0.0005442743,0.99904364
CHVI_003.png,normal,0.9992168,0.0003244893,0.0004587371
CHVI_004.png,malignant,6.850236e-07,4.201558e-07,0.9999989
CHVI_005.png,malignant,0.00090938905,0.00020068396,0.99889
CHVI_006.png,malignant,0.0011809226,6.592382e-06,0.99881256
CHVI_007.png,malignant,9.571303e-05,2.5366968e-05,0.9998789
CHVI_008.png,normal,0.9934482,0.0022667395,0.004285105
CHVI_009.png,normal,0.99967515,0.00028657165,3.8257065e-05
CHVI_010.png,normal,0.9996463,0.00027343028,8.02103e-05
CHVI_011.png,normal,0.8543165,0.0014684426,0.14421502
CHVI_012.png,normal,0.99985886,0.00010815392,3.3015862e-05
CHVI_013.png,normal,0.999926,4.180748e-05,3.2204163e-05
CHVI_014.png,normal,0.99663264,5.949326e-05,0.0033078443
CHVI_015.png,malignant,0.0023676825,4.717052e-06,0.9976277
CHVI_016.png,malignant,0.35444096,0.00036747864,0.64519155
CHVI_017.png,malignant,0.0023702949,3.64246e-07,0.99762934
CHVI_018.png,malignant,0.0035619491,3.5947843e-07,0.99643767
CHVI_019.png,malignant,0.00029302418,4.1094777e-06,0.9997029
CHVI_020.png,benign,0.004076615,0.9937471,0.0021763374
CHVI_021.png,benign,0.082441986,0.8649224,0.052635565
CODE_000.png,malignant,1.3866325e-05,1.7324315e-05,0.99996877
CODE_001.png,malignant,7.383527e-05,2.8412629e-05,0.9998977
CODE_002.png,normal,0.99976915,3.2990018e-05,0.00019788425
CODE_003.png,normal,0.99982387,1.2001907e-05,0.0001640913
CODE_004.png,normal,0.999979,3.7406306e-07,2.0644668e-05
CODE_005.png,malignant,6.1820224e-06,5.849385e-07,0.9999932
CODE_006.png,malignant,8.136117e-06,6.3950307e-07,0.9999912
COPE_000.png,normal,0.99992573,2.387747e-07,7.3980635e-05
COPE_001.png,normal,0.99998796,5.5995542e-06,6.4211326e-06
COPE_002.png,normal,0.99999917,6.7464214e-07,1.0955876e-07
COPE_003.png,normal,0.994949,2.060717e-06,0.0050490415
COPE_004.png,normal,0.99343795,0.00074532285,0.0058166585
COPE_005.png,normal,0.99985003,1.6543821e-05,0.00013331656
COPE_006.png,normal,0.999985,1.3236482e-06,1.368443e-05
COPE_007.png,normal,0.9994692,0.0005118026,1.8956545e-05
COPE_008.png,normal,0.9998356,3.7590983e-06,0.00016059083
COPE_009.png,normal,0.9920946,0.0071576494,0.0007477678
COPE_010.png,normal,0.9816248,0.011323651,0.007051597
COPE_011.png,normal,0.9997669,4.731135e-06,0.00022832917
COPE_012.png,malignant,0.0063284966,3.876735e-05,0.99363273
COPE_013.png,malignant,0.0020868941,0.00016195608,0.9977512
COPE_014.png,malignant,0.0117324665,0.0068794047,0.9813881
COPE_015.png,malignant,0.050759338,0.0037610335,0.94547963
COPE_016.png,malignant,0.00016534721,4.9229056e-06,0.99982965
COPE_017.png,malignant,0.003996801,6.6428904e-05,0.99593675
COPE_018.png,malignant,0.00024701015,1.2815084e-06,0.99975175
COST_000.png,normal,0.99999595,2.3022494e-06,1.7724275e-06
COST_001.png,normal,0.99993455,1.9000319e-06,6.352419e-05
COST_002.png,normal,0.99990714,4.9367834e-05,4.3489665e-05
COST_003.png,normal,0.9997749,0.00021574406,9.420895e-06
COST_004.png,normal,0.9997838,0.00011609225,0.000100137724
COST_005.png,normal,0.9987709,4.8252467e-05,0.0011809134
COST_006.png,normal,0.9962101,0.00047915516,0.003310703
COST_007.png,normal,0.9965335,0.0024701904,0.0009961956
COST_008.png,normal,0.9928745,5.0091944e-06,0.0071205846
COST_009.png,normal,0.9991875,7.8953435e-06,0.0008045629
COST_010.png,benign,0.013634644,0.9834336,0.002931764
COST_011.png,benign,0.006786152,0.9804479,0.01276598
COVA_000.png,normal,0.9999604,1.0437851e-06,3.8492864e-05
COVA_001.png,normal,0.9998534,5.394133e-05,9.260942e-05
COVA_002.png,normal,0.9999646,1.6181792e-05,1.9231367e-05
COVA_003.png,normal,0.99994135,1.8704955e-05,3.9972045e-05
COVA_004.png,normal,0.999995,6.781685e-07,4.2471597e-06
COVA_005.png,normal,0.96560293,0.0029450108,0.03145197
COVA_006.png,normal,0.99995804,3.6013527e-05,5.9732397e-06
COVA_007.png,normal,0.99999595,2.5365364e-07,3.8666813e-06
COVA_008.png,normal,0.99987495,2.4452086e-06,0.00012255865
COVA_009.png,normal,0.99999547,2.485283e-07,4.319858e-06
COVA_010.png,normal,0.99960405,0.00025681613,0.0001391461
COVA_011.png,malignant,0.00033099845,0.00091536436,0.99875367
COVA_012.png,malignant,0.00028182118,0.0004956944,0.9992225
COVA_013.png,normal,0.9999981,1.5442461e-06,4.149331e-07
COVA_014.png,normal,0.99993503,8.690929e-06,5.6314075e-05
COVA_015.png,normal,0.99998903,8.20469e-08,1.0867988e-05
CRCI_000.png,malignant,6.0210517e-05,0.00014551457,0.9997943
CRCI_001.png,malignant,0.05881146,0.0057967245,0.93539184
CRCI_002.png,malignant,0.12020698,0.0008191487,0.87897384
DAPA_000.png,normal,0.9894617,0.00067667844,0.009861546
DAPA_001.png,benign,0.013798448,0.9709843,0.015217253
DAPA_002.png,benign,0.03447301,0.9640682,0.0014588117
DAPA_003.png,normal,0.99998224,6.0504254e-07,1.7149758e-05
DAPA_004.png,normal,0.99998856,4.8749e-06,6.5799068e-06
DAPA_005.png,benign,0.0011925371,0.9978994,0.0009079766
DAPA_006.png,benign,0.00015265604,0.99819785,0.0016494747
DAPA_007.png,normal,0.7278394,0.26591128,0.006249355
DAPA_008.png,normal,0.9991223,4.965741e-05,0.00082800956
DAPA_009.png,normal,0.6328325,0.3622383,0.004929144
DAPA_010.png,normal,0.6234481,0.37581718,0.00073476555
DAPA_011.png,normal,0.99211735,0.00485842,0.0030242666
DAPA_012.png,benign,0.007895509,0.99052507,0.0015794758
DAPA_013.png,benign,0.0049268682,0.9945897,0.0004835642
DAPA_014.png,benign,0.0011173942,0.9987361,0.0001465396
DAPA_015.png,benign,0.0017491718,0.9980506,0.00020025043
DAPA_016.png,benign,0.0038994357,0.9960336,6.698823e-05
DAPA_017.png,benign,0.002075331,0.9775261,0.020398565
DAPA_018.png,normal,0.9999907,8.532739e-06,7.0116306e-07
DAPA_019.png,benign,0.011446493,0.97621745,0.012336097
DAPA_020.png,benign,0.007593836,0.9912683,0.0011378952
DAPA_021.png,benign,0.00641311,0.9935127,7.420288e-05
DAPA_022.png,benign,0.029206662,0.96411294,0.0066803326
DAPA_023.png,benign,0.064866096,0.9302283,0.004905587
DAPA_024.png,benign,0.0072297133,0.9730328,0.019737465
DAPA_025.png,benign,0.014558524,0.98314106,0.0023003735
DAPA_026.png,normal,0.98625505,0.013611837,0.00013305627
DAPA_027.png,normal,0.9996551,0.0003282798,1.6544509e-05
DAPA_028.png,normal,0.99996054,3.8971764e-05,4.243295e-07
DAPA_029.png,malignant,0.01911773,0.49003488,0.49084738
DAPA_030.png,normal,0.99946445,0.00053505204,4.721887e-07
DAPA_031.png,benign,0.016689984,0.89646024,0.086849734
DAPA_032.png,benign,0.0032445805,0.9967423,1.3139535e-05
DAPA_033.png,benign,0.41138458,0.58703196,0.0015834813
DAPA_034.png,malignant,0.009987556,0.11546975,0.87454265
DAPA_035.png,benign,0.015130631,0.9227747,0.06209462
DAPA_036.png,normal,0.9999949,1.0724807e-06,3.9961737e-06
DAPA_037.png,normal,0.9999839,9.494795e-06,6.5035038e-06
DAPA_038.png,benign,0.24048905,0.7568998,0.0026112057
ELCO_000.png,normal,0.9694541,0.0001786975,0.030367183
ELCO_001.png,normal,0.9984413,0.0007686966,0.0007901141
ELCO_002.png,normal,0.9863019,0.0004484477,0.01324965
ELCO_003.png,normal,0.9965389,0.00023103254,0.0032300933
ELCO_004.png,malignant,0.0001044552,7.6202006e-05,0.99981934
ELCO_005.png,malignant,1.684076e-06,2.1990397e-06,0.99999607
ELCO_006.png,malignant,6.9882653e-06,2.001911e-05,0.99997294
ELCO_007.png,malignant,0.00031724674,0.0034453215,0.9962374
ELCO_008.png,malignant,0.00028167042,0.0050889556,0.99462944
FLBA_000.png,normal,0.99999964,5.0997435e-11,3.1947337e-07
FLBA_001.png,normal,0.99999833,1.0447749e-06,6.0312004e-07
FLBA_002.png,normal,0.9999776,1.7226817e-05,5.156864e-06
FLBA_003.png,normal,0.99991477,2.0752448e-06,8.316316e-05
FLBA_004.png,normal,0.9596653,0.0021873354,0.03814739
FLBA_005.png,malignant,0.016545255,0.0014989553,0.9819558
FLBA_006.png,normal,0.9999845,1.2492088e-05,2.999122e-06
FLBA_007.png,normal,0.9999852,1.2393418e-05,2.4127246e-06
FLBA_008.png,normal,0.99989545,2.060282e-05,8.389984e-05
FLBA_009.png,normal,0.9967359,4.0829327e-05,0.0032232103
FLBA_010.png,normal,0.9709683,0.028231265,0.0008004127
FLBA_011.png,normal,0.9998128,0.00018586202,1.3885698e-06
FLBA_012.png,normal,0.9980836,0.0019158077,5.616779e-07
FLBA_013.png,normal,0.99986994,2.7412962e-06,0.00012728799
FLBA_014.png,normal,0.99997616,1.4194245e-07,2.3714123e-05
FLBA_015.png,normal,0.99998355,1.8545602e-08,1.6488755e-05
FLBA_016.png,normal,0.98936987,0.005569458,0.005060633
FLBA_017.png,benign,0.006436285,0.9772052,0.016358513
FLBA_018.png,normal,0.9884305,0.011441744,0.00012769751
FLBA_019.png,malignant,0.0031653629,0.0002355608,0.99659914
FLKA_000.png,normal,0.9951121,0.00015841163,0.004729555
FLKA_001.png,normal,0.9988418,1.9691668e-05,0.0011385225
FLKA_002.png,malignant,0.00012865578,1.524141e-05,0.9998561
FLKA_003.png,malignant,0.36524174,0.03263701,0.60212123
FLKA_004.png,normal,0.8850946,0.0035910332,0.11131433
FLKA_005.png,malignant,1.682972e-05,1.775506e-05,0.9999654
FLKA_006.png,normal,0.9993374,2.9802777e-05,0.00063276116
FLKA_007.png,normal,0.99999976,7.0636554e-09,1.8473962e-07
FLKA_008.png,normal,1.0,5.2382725e-09,6.4346004e-09
FLKA_009.png,normal,0.9979638,5.7246616e-05,0.0019790232
FLKA_010.png,normal,0.9994343,2.3779381e-05,0.0005417987
FLKA_011.png,normal,0.99996305,5.967407e-09,3.6996476e-05
FLKA_012.png,normal,0.99973804,2.6266061e-06,0.0002593771
FLKA_013.png,normal,0.99160343,0.00018537218,0.008211255
FLKA_014.png,normal,0.99571985,0.0006054827,0.0036747244
FUHI_000.png,malignant,0.0027329465,5.7080488e-05,0.99720997
FUHI_001.png,normal,0.9996966,0.0002100042,9.346632e-05
FUHI_002.png,normal,0.99996793,2.7224944e-05,4.9409527e-06
FUHI_003.png,malignant,0.00041750888,6.3408675e-06,0.99957615
FUHI_004.png,malignant,2.203811e-05,5.5145294e-05,0.99992275
FUHI_005.png,normal,0.9995845,0.0002510186,0.00016448721
FUHI_006.png,malignant,0.0002647675,3.3137007e-05,0.99970204
FUHI_007.png,benign,0.0013915476,0.9975763,0.0010321483
FUHI_008.png,normal,0.99988353,9.9122175e-05,1.7290273e-05
FUHI_009.png,malignant,6.08634e-05,3.8453977e-06,0.99993527
HESN_000.png,normal,0.9994467,0.00041546658,0.00013781949
HESN_001.png,normal,0.9995517,0.00044776208,4.790986e-07
HESN_002.png,benign,0.003998253,0.96812373,0.027878067
HESN_003.png,benign,0.47366223,0.5240828,0.002254988
HESN_004.png,benign,0.006829136,0.9912805,0.0018903345
HESN_005.png,malignant,0.0024661028,0.003925604,0.99360836
HESN_006.png,normal,0.99945706,0.00047839453,6.458742e-05
HESN_007.png,normal,0.9989221,0.0010432649,3.4615743e-05
HESN_008.png,normal,0.99909496,0.000889457,1.5659667e-05
HESN_009.png,normal,0.9968893,0.0008804953,0.0022301932
HESN_010.png,normal,0.9999666,3.147921e-05,1.925474e-06
HESN_011.png,normal,0.9999844,1.4997625e-05,5.6718073e-07
HESN_012.png,normal,0.9969121,0.0024499441,0.0006379647
HUBL_000.png,normal,0.9647677,0.005622923,0.029609393
HUBL_001.png,normal,0.99780804,0.0015958366,0.00059617584
HUBL_002.png,normal,0.99993193,2.4245983e-05,4.3925582e-05
HUBL_003.png,malignant,0.00071796845,0.00048548568,0.9987966
HUBL_004.png,malignant,0.1659105,0.0044716937,0.82961786
HUBL_005.png,malignant,0.051798794,0.06109095,0.8871103
HUBL_006.png,malignant,0.011383875,0.015894715,0.97272134
HUBL_007.png,malignant,0.0066291583,0.003564028,0.98980683
HUBL_008.png,malignant,0.027176464,0.0017654084,0.97105813
HUBL_009.png,normal,0.9999894,8.109965e-06,2.4689314e-06
HUBL_010.png,normal,0.99262494,0.007323622,5.1474457e-05
HUBL_011.png,normal,0.99832946,0.001646028,2.4548759e-05
HUBL_012.png,normal,0.99963915,0.00035633828,4.550548e-06
HUBL_013.png,normal,0.9999932,6.5414088e-06,2.5651863e-07
HUBL_014.png,normal,0.9998343,0.00014063809,2.4976029e-05
HUBL_015.png,malignant,0.37985972,0.04682587,0.5733144
HUBL_016.png,normal,0.97538185,0.0087813,0.015836887
HUBL_017.png,normal,0.998599,5.081259e-07,0.0014004789
HUBL_018.png,normal,0.99885595,7.854612e-05,0.0010654898
HUBL_019.png,benign,0.25906307,0.3908617,0.3500752
HUBL_020.png,malignant,0.01511683,0.00041353903,0.98446965
HUBL_021.png,normal,0.9998054,3.946788e-07,0.00019423864
KIFO_000.png,normal,0.9352694,0.002620034,0.062110472
KIFO_001.png,normal,0.9008823,5.9951826e-06,0.09911166
KIFO_002.png,normal,0.9995951,1.5409887e-05,0.0003894868
KIFO_003.png,malignant,0.0039339,0.0013694508,0.9946966
KIFO_004.png,benign,0.00047001126,0.9242794,0.07525061
KIFO_005.png,benign,0.0051023024,0.73007935,0.26481837
KIFO_006.png,normal,0.8854271,0.096635394,0.017937459
KIFO_007.png,benign,0.027058074,0.9722705,0.00067138945
KIFO_008.png,benign,0.009602648,0.99020714,0.00019013378
KIFO_009.png,benign,0.019099863,0.9587223,0.022177808
KIFO_010.png,normal,0.99382234,1.641303e-05,0.0061611393
KIFO_011.png,normal,0.999913,5.554295e-06,8.1360435e-05
LOTI_000.png,normal,0.9998603,2.324476e-06,0.00013733964
LOTI_001.png,malignant,0.0005543604,9.261827e-05,0.999353
LOTI_002.png,malignant,0.1362754,0.035740156,0.82798445
LOTI_003.png,normal,0.98172945,0.0010850816,0.017185513
LOTI_004.png,normal,0.9936195,0.0035197467,0.0028608297
LOTI_005.png,normal,0.99931955,9.586968e-06,0.0006709481
LOTI_006.png,malignant,0.00018649505,6.434552e-05,0.9997491
LOTI_007.png,malignant,0.033822235,0.001138276,0.96503955
LOTI_008.png,malignant,0.0027071724,5.571758e-05,0.9972371
LOTI_009.png,normal,0.9999907,8.349718e-06,9.654372e-07
MENE_000.png,malignant,0.0003800045,0.0012851219,0.99833494
MENE_001.png,malignant,0.22647588,0.038022306,0.73550177
MENE_002.png,malignant,0.00032944375,0.00011147558,0.9995591
MENE_003.png,malignant,0.0020097648,0.00020396187,0.9977863
MENE_004.png,malignant,6.767539e-05,1.872541e-06,0.9999305
MENE_005.png,malignant,4.1552787e-05,1.5283056e-06,0.99995697
MENE_006.png,normal,0.9993936,1.2868698e-07,0.00060631946
MENE_007.png,normal,0.99947065,0.00032685886,0.00020258696
MENE_008.png,normal,0.9964354,9.439729e-05,0.0034702164
MENE_009.png,normal,0.99937564,0.0001058226,0.00051854656
MENE_010.png,normal,0.99529654,0.0044994997,0.0002039518
MENE_011.png,normal,0.99797124,0.00076635,0.0012623317
MENE_012.png,normal,0.9992243,4.318625e-05,0.0007324622
MENE_013.png,normal,0.9985001,0.00067186845,0.00082797866
MENE_014.png,normal,0.999742,0.000113256,0.0001448341
MENE_015.png,normal,0.9928738,0.0003813042,0.0067448863
MENE_016.png,normal,0.9993711,1.6508953e-05,0.00061230775
MENE_017.png,malignant,0.4202573,0.01166116,0.56808156
MENE_018.png,malignant,0.0013770789,0.00437535,0.99424756
NIRO_000.png,normal,0.99938464,4.91149e-05,0.00056628115
NIRO_001.png,normal,0.9999964,1.5608857e-06,2.0052798e-06
NIRO_002.png,normal,0.9999939,6.9341763e-07,5.403632e-06
NIRO_003.png,normal,0.99998844,6.3846815e-06,5.0699637e-06
NIRO_004.png,normal,0.99999857,1.2547957e-06,1.5944923e-07
NIRO_005.png,normal,0.9999994,2.3748099e-07,3.0382975e-07
NIRO_006.png,normal,0.9993469,3.5054686e-07,0.000652769
NIRO_007.png,normal,0.9999715,3.6707636e-08,2.8507988e-05
NIRO_008.png,normal,0.9970035,6.0307775e-06,0.0029904896
NIRO_009.png,normal,0.99996495,2.8792394e-05,6.2411495e-06
NIRO_010.png,normal,0.99996364,1.9539461e-06,3.4460598e-05
NIRO_011.png,normal,0.99935144,1.6849866e-06,0.00064693677
NIRO_012.png,normal,0.99991536,2.3062861e-07,8.442186e-05
NIRO_013.png,normal,0.9927038,1.7577811e-05,0.007278609
NIRO_014.png,normal,0.99999905,5.8309615e-07,3.0093437e-07
NIRO_015.png,normal,0.9998982,2.6196367e-06,9.917318e-05
NIRO_016.png,normal,0.99998796,7.722665e-07,1.1323358e-05
NIRO_017.png,normal,0.9999372,2.5321264e-05,3.7546415e-05
NIRO_018.png,normal,0.99993825,2.4633173e-05,3.7032623e-05
NIRO_019.png,normal,0.9999939,1.0689823e-06,4.9610826e-06
NIRO_020.png,normal,0.99988544,0.00011117611,3.3445092e-06
NIRO_021.png,normal,0.9999181,7.987452e-05,2.0799118e-06
NIRO_022.png,normal,0.99953854,8.235002e-06,0.00045329475
ORPE_000.png,normal,0.99999654,7.5943854e-07,2.7666586e-06
ORPE_001.png,benign,0.2367044,0.75014687,0.013148686
ORPE_002.png,normal,0.9999945,2.9031958e-06,2.674835e-06
ORPE_003.png,normal,0.99999225,2.0339529e-07,7.5489156e-06
ORPE_004.png,normal,0.99997735,2.4206224e-06,2.0211184e-05
ORPE_005.png,normal,0.9999976,2.1981352e-06,2.0335467e-07
ORPE_006.png,normal,0.99999917,9.839984e-08,6.8575196e-07
ORPE_007.png,normal,0.99999845,6.117888e-07,9.585062e-07
ORPE_008.png,normal,0.9999951,1.6827211e-06,3.2718228e-06
ORPE_009.png,normal,0.99959725,4.294712e-06,0.00039841793
ORPE_010.png,normal,0.9898745,0.004382522,0.005743056
ORPE_011.png,malignant,0.032820385,0.17209958,0.79508
ORPE_012.png,normal,0.9999999,5.292657e-08,7.5970725e-08
ORPE_013.png,normal,0.999495,5.779058e-07,0.00050436903
ORPE_014.png,benign,0.0005739271,0.9984931,0.0009329412
ORPE_015.png,benign,0.007741965,0.9922415,1.652528e-05
ORPE_016.png,normal,0.9999131,2.9503832e-07,8.661509e-05
ORPE_017.png,benign,0.0015797964,0.99805236,0.00036791599
ORPE_018.png,normal,0.9992029,0.0005901552,0.00020684958
ORPE_019.png,benign,0.0017183864,0.97422236,0.02405931
ORPE_020.png,benign,0.0016833764,0.9970932,0.0012234724
ORPE_021.png,benign,0.008945796,0.9886807,0.0023734965
ORPE_022.png,benign,0.00252775,0.99717087,0.0003014229
ORPE_023.png,benign,0.012529139,0.6126857,0.37478516
ORPE_024.png,normal,0.99977106,7.382215e-06,0.00022153786
ORPE_025.png,normal,0.9999988,1.7665482e-08,1.2055754e-06
ORPE_026.png,normal,0.99993443,5.7014924e-05,8.525613e-06
ORPE_027.png,normal,0.9999465,5.167823e-05,1.8420878e-06
ORPE_028.png,normal,0.9999714,2.5449452e-05,3.1697357e-06
ORPE_029.png,normal,0.99999976,2.2625275e-07,5.482768e-08
OSCU_000.png,normal,0.99996364,1.11674435e-05,2.5139881e-05
OSCU_001.png,normal,0.9975115,0.0018008719,0.0006877025
OSCU_002.png,normal,0.99997175,5.2674677e-06,2.294902e-05
OSCU_003.png,normal,0.9999995,1.452855e-08,4.9699065e-07
OSCU_004.png,normal,0.99957687,0.0004122026,1.0989636e-05
OSCU_005.png,normal,0.9999211,5.7265977e-05,2.1701413e-05
OSCU_006.png,normal,0.9999887,1.0090437e-05,1.1833723e-06
OSCU_007.png,normal,0.9999435,3.469568e-05,2.1846363e-05
OSCU_008.png,normal,0.9999919,2.2528093e-06,5.8181195e-06
OSCU_009.png,normal,0.9999491,1.0278406e-05,4.0596016e-05
OSCU_010.png,normal,0.9999963,1.4720904e-06,2.3121627e-06
OSCU_011.png,normal,0.9998305,3.7218964e-05,0.0001323151
OSCU_012.png,malignant,0.048758775,0.25864232,0.6925989
OSCU_013.png,benign,0.19722249,0.7089167,0.09386074
OSCU_014.png,benign,0.003298899,0.9962507,0.00045045902
OSCU_015.png,benign,0.003896296,0.99576616,0.0003376133
OSCU_016.png,benign,0.037763905,0.9617722,0.0004638313
OSCU_017.png,benign,0.00209115,0.99681216,0.0010966716
OSCU_018.png,normal,0.9999616,7.255021e-06,3.113193e-05
OSCU_019.png,benign,0.0071475697,0.9924644,0.0003880785
OSCU_020.png,benign,0.0027494193,0.99696916,0.00028143032
OSCU_021.png,benign,0.013719127,0.98613703,0.00014384309
OSCU_022.png,benign,0.0087556355,0.9550401,0.036204267
OSCU_023.png,benign,0.00469287,0.9949262,0.00038090436
OSCU_024.png,normal,0.99991083,3.447587e-05,5.467059e-05
PAGY_000.png,normal,0.99918216,6.773815e-05,0.000750078
PAGY_001.png,malignant,0.0003341334,9.0250054e-05,0.9995757
PAGY_002.png,normal,0.9989328,0.0005119354,0.0005553382
PAGY_003.png,malignant,0.030956862,0.00019663206,0.9688465
PAGY_004.png,normal,0.76176786,0.00021953949,0.23801257
PAGY_005.png,normal,0.9604704,0.039171617,0.00035806172
PAGY_006.png,normal,0.99981374,3.3072258e-05,0.00015330497
PAGY_007.png,normal,0.999666,3.7995975e-05,0.00029603898
PAGY_008.png,normal,0.99930274,0.00036585002,0.00033135858
PAGY_009.png,normal,0.99976045,2.5494192e-05,0.00021408225
PAGY_010.png,normal,0.99619186,0.0002577211,0.0035504056
PAGY_011.png,malignant,0.0055062133,0.00021562865,0.9942781
PLBA_000.png,normal,0.99998724,1.1606321e-05,1.2076489e-06
PLBA_001.png,benign,0.0019798214,0.99571615,0.0023040215
PLBA_002.png,benign,0.01107017,0.9210418,0.06788809
PLBA_003.png,benign,0.00071049633,0.99680626,0.0024833276
PLBA_004.png,normal,0.99978095,0.00019584318,2.3182052e-05
PLBA_005.png,normal,0.99994016,5.0343384e-05,9.549264e-06
PLBA_006.png,normal,0.99998057,4.7025133e-06,1.472725e-05
PLBA_007.png,normal,0.9993988,0.00044106517,0.00016011002
PLBA_008.png,benign,0.05486726,0.94452596,0.00060672534
PLBA_009.png,benign,0.00019094018,0.99853396,0.0012751526
PLBA_010.png,benign,0.30010745,0.69885564,0.0010369646
PLBA_011.png,normal,0.99999845,1.203801e-06,3.2094886e-07
PLBA_012.png,normal,0.9999896,4.0113036e-06,6.3088246e-06
PLBA_013.png,normal,0.95856804,0.0403345,0.0010974185
PLBA_014.png,benign,0.32793605,0.6706522,0.0014117123
PLBA_015.png,normal,0.99928504,0.00071292405,1.9928514e-06
PLBA_016.png,normal,0.9985977,0.0013948854,7.3289557e-06
PLBA_017.png,normal,0.99998176,1.6377988e-05,1.9221677e-06
PLBA_018.png,benign,1.969414e-06,0.9998072,0.00019079223
PLBA_019.png,benign,0.010231462,0.95889467,0.030873906
PLBA_020.png,normal,0.9978259,0.001960136,0.00021386023
PLBA_021.png,normal,0.9996743,2.005813e-05,0.00030562415
PLBA_022.png,normal,0.9999281,1.320399e-05,5.8651643e-05
PLBA_023.png,normal,0.9999287,6.992507e-05,1.2591024e-06
PLBA_024.png,benign,2.9868592e-05,0.99836487,0.001605256
POFR_000.png,normal,0.99973387,4.5346872e-07,0.00026569792
POFR_001.png,normal,0.9998087,2.224216e-06,0.00018898326
POFR_002.png,normal,0.99916685,0.00023431845,0.00059884804
POFR_003.png,normal,0.9999094,2.2153945e-05,6.841815e-05
POFR_004.png,normal,0.9999888,1.0736966e-05,5.086987e-07
POFR_005.png,normal,0.9991297,0.00023226405,0.00063803425
POFR_006.png,normal,0.9984326,2.8419508e-06,0.0015644922
POFR_007.png,normal,0.99206185,0.0058010058,0.0021371513
POFR_008.png,normal,0.999998,1.6527367e-06,3.4546477e-07
POFR_009.png,normal,0.9999802,2.0386892e-06,1.7762975e-05
POFR_010.png,normal,0.9997589,0.00016892207,7.227907e-05
POFR_011.png,malignant,0.19300467,0.3916581,0.41533726
POFR_012.png,malignant,0.05449232,0.008489009,0.93701863
POFR_013.png,malignant,0.057233926,0.01797085,0.92479515
POFR_014.png,normal,0.9988788,0.0006828148,0.00043843762
POFR_015.png,normal,0.9997745,0.0001845708,4.084903e-05
POFR_016.png,normal,0.99997354,2.5553716e-05,9.499819e-07
POFR_017.png,benign,0.0384862,0.9247825,0.036731355
POFR_018.png,normal,0.99998724,9.059043e-06,3.6395431e-06
POFR_019.png,normal,0.99997854,1.4863614e-06,1.9973606e-05
POFR_020.png,normal,0.9933161,0.0001072432,0.0065766326
POFR_021.png,normal,0.9999186,3.089092e-07,8.1028236e-05
POFR_022.png,normal,0.9552426,0.0005621529,0.044195216
POFR_023.png,normal,0.99995387,1.3256833e-05,3.295586e-05
POFR_024.png,normal,0.99945396,8.5979205e-05,0.00046007158
POFR_025.png,normal,0.99968517,2.9576431e-05,0.00028531768
POFR_026.png,normal,0.99851304,1.8091288e-06,0.0014851694
RARE_000.png,benign,0.002269299,0.99097544,0.00675521
RARE_001.png,benign,0.0017052934,0.99233013,0.005964554
RARE_002.png,benign,0.0003312082,0.9994343,0.00023450235
RARE_003.png,benign,0.0004145433,0.99943346,0.00015203306
RARE_004.png,benign,0.00060710206,0.9987124,0.00068048254
SECH_000.png,normal,0.99987483,9.2988597e-07,0.00012416235
SECH_001.png,normal,0.99999964,8.9610346e-08,2.8588505e-07
SECH_002.png,normal,0.99998057,2.6175773e-08,1.9451765e-05
SECH_003.png,normal,0.99999905,2.2017942e-07,7.6108194e-07
SECH_004.png,normal,0.999933,5.8042024e-05,8.963131e-06
SECH_005.png,normal,0.99998903,3.313538e-06,7.623794e-06
SECH_006.png,normal,0.99987924,4.963114e-07,0.000120236466
SECH_007.png,normal,0.9918967,0.0004995212,0.007603721
SECH_008.png,malignant,0.0028703914,0.05699701,0.9401326
SECH_009.png,benign,0.039963137,0.90952253,0.050514333
SECH_010.png,benign,0.004007911,0.62301344,0.3729787
SECH_011.png,benign,0.012240994,0.98027843,0.007480565
SECH_012.png,benign,0.001731073,0.9755152,0.022753725
SECH_013.png,normal,0.99928266,1.5798918e-05,0.0007014794
SHST_000.png,normal,0.997442,0.0004936718,0.0020643524
SHST_001.png,normal,0.9988495,0.00021251374,0.00093794795
SHST_002.png,normal,0.999985,1.03782e-05,4.6185633e-06
SHST_003.png,normal,0.99606735,0.0012379959,0.0026947164
SHST_004.png,normal,0.9999993,3.6298482e-07,3.293043e-07
SHST_005.png,benign,0.027408196,0.97245264,0.00013916049
SHST_006.png,malignant,0.0013076017,0.00050641375,0.99818593
SHST_007.png,normal,0.990316,0.00047894506,0.009205042
SHST_008.png,malignant,0.0239619,0.0036903024,0.9723478
SHST_009.png,benign,0.031035397,0.9681827,0.0007818935
SHST_010.png,normal,0.99917704,5.5936684e-06,0.0008173618
SHST_011.png,normal,0.99987555,2.4295952e-05,0.00010006605
SIBA_000.png,malignant,0.0010240943,1.2716716e-05,0.99896324
SIBA_001.png,malignant,0.0016511427,0.00034487643,0.998004
SIBA_002.png,malignant,0.008036148,3.1746014e-05,0.9919321
SIBA_003.png,malignant,0.00022571629,1.1854137e-05,0.9997625
SIBA_004.png,malignant,0.014090335,0.0011347629,0.9847749
SIBA_005.png,malignant,2.9633595e-05,8.532119e-05,0.9998851
SIBA_006.png,malignant,0.00636726,0.0003362064,0.99329656
SIBA_007.png,malignant,0.00013742007,5.3082265e-05,0.99980956
SIBA_008.png,malignant,0.0043452857,0.0002103669,0.9954444
STSP_000.png,normal,0.9987784,6.7870616e-08,0.0012214155
STSP_001.png,benign,0.02651239,0.97322446,0.00026312665
STSP_002.png,benign,0.19260365,0.8070529,0.00034349418
STSP_003.png,benign,0.0027315605,0.9972338,3.4536813e-05
STSP_004.png,benign,0.041496422,0.95622665,0.0022769694
STSP_005.png,normal,0.99891686,0.0010829543,1.9733322e-07
STSP_006.png,normal,0.9989121,0.0010875071,3.2345324e-07
STSP_007.png,normal,0.9994148,6.929018e-05,0.0005158255
STSP_008.png,normal,0.9989982,0.0009819343,1.992535e-05
STSP_009.png,normal,0.9964645,0.0035290355,6.4371466e-06
STSP_010.png,normal,0.9875844,0.010609031,0.0018065906
STSP_011.png,normal,0.5733342,0.41532826,0.011337558
STSP_012.png,normal,0.9996667,0.00032652912,6.76226e-06
STSP_013.png,normal,0.99980706,0.0001928881,6.0410606e-08
STSP_014.png,normal,0.9966407,0.0033466828,1.2621632e-05
STSP_015.png,normal,0.9309477,0.068477,0.00057532365
STSP_016.png,normal,0.9971731,0.00012543508,0.002701522
STSP_017.png,normal,0.99274266,0.007240017,1.725944e-05
STSP_018.png,benign,0.092849486,0.8874754,0.01967516
STSP_019.png,benign,0.029267417,0.9700547,0.0006778996
STSP_020.png,benign,0.05406577,0.72109526,0.22483893
STSP_021.png,normal,0.99952817,0.00046774728,4.1103035e-06
STSP_022.png,normal,0.9776193,0.01460413,0.00777656
STSP_023.png,normal,0.9997811,5.0506653e-05,0.00016843274
STSP_024.png,normal,0.9992004,3.305834e-05,0.0007664449
STSP_025.png,normal,0.99978584,2.584636e-05,0.0001882779
STSP_026.png,benign,0.08125034,0.9165117,0.002237967
STSP_027.png,normal,0.9968207,0.0031759979,3.3447357e-06
TOCI_000.png,normal,1.0,8.103637e-09,3.565604e-08
TOCI_001.png,normal,0.99476033,1.2951458e-06,0.005238375
TOCI_002.png,normal,0.9981857,2.7130765e-05,0.0017871273
TOCI_003.png,benign,0.020772008,0.9728326,0.0063954224
TOCI_004.png,normal,0.9992748,7.0238157e-06,0.00071818626
TOCI_005.png,benign,0.030497506,0.9632665,0.0062359865
TOCI_006.png,normal,0.9950317,8.746617e-06,0.004959528
TOCI_007.png,normal,0.99999285,2.9777975e-06,4.1294393e-06
TOCI_008.png,normal,0.99735355,2.896447e-05,0.0026174858
TOCI_009.png,normal,0.99719787,0.0008427605,0.0019593786
TOCI_010.png,normal,0.999998,1.6451037e-06,3.745288e-07
TOCI_011.png,normal,0.99985754,2.3772566e-06,0.00014004069
TOCI_012.png,normal,0.7514415,0.24721265,0.0013458797
TOCI_013.png,benign,0.040636085,0.9576828,0.0016810372
TOCI_014.png,normal,0.9999291,2.5972704e-05,4.497248e-05
TOCI_015.png,normal,0.9997389,3.0282648e-05,0.00023079067
TOCI_016.png,normal,0.9999981,9.377811e-07,9.721426e-07
TOCI_017.png,normal,0.9992537,7.4890966e-07,0.0007456233
TOCI_018.png,normal,0.9999962,1.403898e-07,3.6634751e-06
TOCI_019.png,normal,0.9999107,7.832189e-06,8.145528e-05
TOCI_020.png,benign,0.10059345,0.89683175,0.0025748513
TOCI_021.png,benign,0.22894016,0.7700775,0.000982274
TOCI_022.png,benign,0.013348188,0.9827031,0.003948657
TOCI_023.png,benign,0.0070907436,0.98497725,0.007931968
TOCI_024.png,benign,0.12722288,0.87109894,0.0016782457
TOCI_025.png,normal,0.9999161,9.676699e-06,7.430149e-05
TOCI_026.png,normal,0.9908213,0.0008701342,0.00830855
TOCI_027.png,normal,0.9998628,0.00011495131,2.2336222e-05
TOCI_028.png,normal,0.99891245,0.00096910656,0.00011853218
TOCI_029.png,normal,0.99999857,1.2424108e-06,2.9158755e-07
TOCI_030.png,normal,0.99999225,4.451404e-07,7.318872e-06
TOCI_031.png,benign,0.08614703,0.9123078,0.0015451765
TOCI_032.png,normal,0.99940443,0.00048120896,0.00011437483
TOCI_033.png,normal,0.99986553,0.00012269431,1.1802305e-05
TOCI_034.png,normal,0.99994326,2.9279652e-06,5.38152e-05
TOCI_035.png,normal,0.999749,5.497101e-07,0.00025034216
TOCI_036.png,normal,0.9993231,1.1079988e-05,0.0006658403
UNCU_000.png,normal,0.9998522,1.1866914e-06,0.00014660561
UNCU_001.png,benign,0.40698618,0.5925058,0.0005080322
UNCU_002.png,malignant,0.12633441,0.00082925643,0.8728363
UNCU_003.png,malignant,0.00035005627,1.2302172e-05,0.9996376
UNCU_004.png,normal,0.87999004,0.0029576553,0.11705234
UNCU_005.png,malignant,3.6892127e-06,1.1303684e-07,0.9999962
UNCU_006.png,malignant,0.008670704,0.0058179973,0.9855113
UNCU_007.png,normal,0.99747247,0.00029992952,0.0022276514
UNCU_008.png,normal,0.999765,2.6144062e-06,0.00023243412
UNCU_009.png,normal,0.9998572,7.638361e-06,0.00013516794
UNCU_010.png,normal,0.9992569,0.0002681377,0.0004749571
UNCU_011.png,normal,0.99999726,2.6403725e-07,2.4595925e-06
UNCU_012.png,normal,0.9999422,3.2006415e-06,5.4590557e-05
VITR_000.png,normal,0.9661273,0.027911184,0.0059615388
VITR_001.png,benign,0.00065769756,0.9857428,0.013599462
VITR_002.png,normal,0.9994281,0.0004900363,8.18859e-05
VITR_003.png,benign,0.00036107947,0.98116815,0.018470751
VITR_004.png,benign,0.00033844687,0.9825706,0.01709105
VITR_005.png,benign,0.0088647045,0.8797095,0.11142582
VITR_006.png,normal,0.99996376,4.78093e-06,3.1439668e-05
VITR_007.png,normal,0.99994695,2.0313022e-05,3.281347e-05
VITR_008.png,normal,0.9991098,0.00039532027,0.00049491366
VITR_009.png,benign,0.0070226546,0.99028367,0.002693742
VITR_010.png,normal,0.99963176,0.00014425314,0.00022394114
VITR_011.png,benign,0.039554343,0.5280028,0.43244284
VITR_012.png,benign,0.008275301,0.6406928,0.351032
VITR_013.png,normal,0.9999448,4.70487e-06,5.0599105e-05
VITR_014.png,normal,0.9999757,2.0569946e-06,2.2322134e-05
VITR_015.png,normal,0.99999464,5.2982855e-08,5.3321414e-06
VITR_016.png,normal,0.99998426,7.6963374e-07,1.5010058e-05
VITR_017.png,normal,0.9999988,1.9876046e-08,1.2320855e-06
VITR_018.png,normal,0.99998844,8.702523e-06,2.8429342e-06
VITR_019.png,normal,0.99999166,6.446743e-06,1.951779e-06
VITR_020.png,normal,0.99996674,9.981006e-06,2.3251772e-05
VITR_021.png,normal,0.9999994,4.0797278e-07,1.9384335e-07
VITR_022.png,normal,0.99999964,7.586312e-08,2.1692294e-07
VITR_023.png,normal,0.9999989,9.2396874e-07,1.625805e-07
VITR_024.png,normal,0.99993277,4.878223e-06,6.235901e-05
VITR_025.png,normal,0.9999579,4.929838e-06,3.718266e-05
VITR_026.png,normal,0.99979395,2.4942292e-05,0.00018116293
VITR_027.png,normal,0.9999796,8.029051e-06,1.2433693e-05
VITR_028.png,benign,0.007377358,0.96750647,0.025116252
WAQU_000.png,normal,0.99700433,2.111591e-05,0.0029745311
WAQU_001.png,normal,0.99952734,0.00021633606,0.00025634377
WAQU_002.png,normal,0.9994413,1.7140733e-06,0.0005570461
WAQU_003.png,normal,0.9957818,0.00024905027,0.0039692023
WAQU_004.png,normal,0.9763692,1.5142257e-06,0.023629205
WAQU_005.png,normal,0.9903859,0.00010220696,0.009511908
WAQU_006.png,normal,0.9986926,0.00015454118,0.0011529552
WAQU_007.png,normal,0.9971136,1.488695e-05,0.0028716018
